{"<global>":{"admin_members_list":["admin_members_list"],"admin_rights_list":["admin_rights_list"],"login":["login"],"menu":["menu"],"userinfo":["userinfo"]},"admin_members":{"search":["search"]},"admin_users":{"add":["add"],"delete":[],"edit":["edit"],"export":["export"],"import":["import"],"list":["list"],"print":["print"],"search":["search"],"view":["view"]},"aplikasisurvey":{"add":["add"],"delete":[],"edit":["edit"],"export":["export"],"import":["import"],"list":["list"],"print":["print"],"search":["search"],"view":["view"]},"user":{"add":["add"],"delete":[],"edit":["edit"],"export":["export"],"import":["import"],"list":["list"],"print":["print"],"search":["search"],"view":["view"]}}